"img0001.jpg","https://cdn.pixabay.com/photo/2012/07/01/08/35/berlin-51058_1280.jpg"
"img0002.jpg","https://cdn.pixabay.com/photo/2013/03/02/02/41/city-89197_1280.jpg"
"img0003.jpg","https://cdn.pixabay.com/photo/2013/11/28/10/36/road-220058_1280.jpg"
"img0004.jpg","https://cdn.pixabay.com/photo/2013/11/28/10/36/road-220058__480.jpg"
"img0005.jpg","https://cdn.pixabay.com/photo/2014/01/18/10/14/vaulted-cellar-247391_1280.jpg"
"img0006.jpg","https://cdn.pixabay.com/photo/2014/05/02/23/52/castle-336498_1280.jpg"
"img0007.jpg","https://cdn.pixabay.com/photo/2014/07/01/12/34/street-381227_1280.jpg"
"img0008.jpg","https://cdn.pixabay.com/photo/2014/07/10/10/20/golden-gate-bridge-388917_1280.jpg"
"img0009.jpg","https://cdn.pixabay.com/photo/2014/08/01/00/08/pier-407252_1280.jpg"
"img0010.jpg","https://cdn.pixabay.com/photo/2014/12/15/17/16/pier-569314_1280.jpg"
"img0011.jpg","https://cdn.pixabay.com/photo/2014/12/15/17/19/monastery-569368_1280.jpg"
"img0012.jpg","https://cdn.pixabay.com/photo/2015/05/15/14/21/architecture-768432_1280.jpg"
"img0013.jpg","https://cdn.pixabay.com/photo/2015/06/08/14/47/columns-801715_1280.jpg"
"img0014.jpg","https://cdn.pixabay.com/photo/2015/06/08/15/26/hallway-802068_1280.jpg"
"img0015.jpg","https://cdn.pixabay.com/photo/2015/07/02/10/08/architecture-828596_1280.jpg"
"img0016.jpg","https://cdn.pixabay.com/photo/2015/07/09/22/45/tree-838667_1280.jpg"
"img0017.jpg","https://cdn.pixabay.com/photo/2015/07/10/15/13/architecture-839362_1280.jpg"
"img0018.jpg","https://cdn.pixabay.com/photo/2015/11/17/18/59/architecture-1048092_1280.jpg"
"img0019.jpg","https://cdn.pixabay.com/photo/2016/01/19/17/47/architechture-1149895_1280.jpg"
"img0020.jpg","https://cdn.pixabay.com/photo/2016/03/19/08/20/berlin-1266337_1280.jpg"
"img0021.jpg","https://cdn.pixabay.com/photo/2016/06/20/03/15/pier-1467984_1280.jpg"
"img0022.jpg","https://cdn.pixabay.com/photo/2016/08/21/22/35/san-galgano-1610962_1280.jpg"
"img0023.jpg","https://cdn.pixabay.com/photo/2016/08/31/17/41/sunrise-1634197_1280.jpg"
"img0024.jpg","https://cdn.pixabay.com/photo/2016/11/21/12/26/concrete-1845046_1280.jpg"
"img0025.jpg","https://cdn.pixabay.com/photo/2016/12/06/17/11/torii-1886975_1280.jpg"
"img0026.jpg","https://cdn.pixabay.com/photo/2017/01/18/13/10/building-1989816_1280.jpg"
"img0027.jpg","https://cdn.pixabay.com/photo/2018/01/19/11/48/saint-coloman-3092260_1280.jpg"
"img0028.jpg","https://cdn.pixabay.com/photo/2018/01/31/12/16/architecture-3121009_1280.jpg"
"img0029.jpg","https://cdn.pixabay.com/photo/2018/03/11/13/38/munich-3216809_1280.jpg"
"img0030.jpg","https://cdn.pixabay.com/photo/2018/04/28/10/55/architecture-3357028_1280.jpg"
"img0031.jpg","https://cdn.pixabay.com/photo/2018/05/09/17/05/tunnel-3385624_1280.jpg"
"img0032.jpg","https://cdn.pixabay.com/photo/2018/06/04/16/00/alley-3453557_1280.jpg"
"img0033.jpg","https://cdn.pixabay.com/photo/2018/09/28/23/21/berlin-3710509_1280.jpg"
"img0034.jpg","https://cdn.pixabay.com/photo/2018/09/30/19/03/railway-station-3714297_1280.jpg"
"img0035.jpg","https://cdn.pixabay.com/photo/2019/09/06/12/08/bridge-4456255_1280.jpg"
"img0036.jpg","https://images.pexels.com/photos/128234/pexels-photo-128234.jpeg?auto=compress&cs=tinysrgb&dpr=3&h=750&w=1260"
"img0037.jpg","https://images.pexels.com/photos/1306595/pexels-photo-1306595.jpeg?auto=compress&cs=tinysrgb&dpr=2&h=750&w=1260"
"img0038.jpg","https://images.pexels.com/photos/1874675/pexels-photo-1874675.jpeg?auto=compress&cs=tinysrgb&dpr=2&h=750&w=1260"
"img0039.jpg","https://images.pexels.com/photos/1926404/pexels-photo-1926404.jpeg?auto=compress&cs=tinysrgb&dpr=3&h=750&w=1260"
"img0040.jpg","https://images.pexels.com/photos/2090649/pexels-photo-2090649.jpeg?auto=compress&cs=tinysrgb&dpr=3&h=750&w=1260"
"img0041.jpg","https://images.pexels.com/photos/2123573/pexels-photo-2123573.jpeg?auto=compress&cs=tinysrgb&dpr=2&h=750&w=1260"
"img0042.jpg","https://images.pexels.com/photos/2164683/pexels-photo-2164683.jpeg?auto=compress&cs=tinysrgb&dpr=3&h=750&w=1260"
"img0043.jpg","https://images.pexels.com/photos/220836/pexels-photo-220836.jpeg?auto=compress&cs=tinysrgb&dpr=2&h=750&w=1260"
"img0044.jpg","https://images.pexels.com/photos/2224561/pexels-photo-2224561.jpeg?auto=compress&cs=tinysrgb&dpr=2&h=750&w=1260"
"img0045.jpg","https://images.pexels.com/photos/2485258/pexels-photo-2485258.jpeg?auto=compress&cs=tinysrgb&dpr=3&h=750&w=1260"
"img0046.jpg","https://images.pexels.com/photos/2574656/pexels-photo-2574656.jpeg?auto=compress&cs=tinysrgb&dpr=3&h=750&w=1260"
"img0047.jpg","https://images.pexels.com/photos/259588/pexels-photo-259588.jpeg?auto=compress&cs=tinysrgb&dpr=3&h=750&w=1260"
"img0048.jpg","https://images.pexels.com/photos/275538/pexels-photo-275538.jpeg?auto=compress&cs=tinysrgb&dpr=2&h=750&w=1260"
"img0049.jpg","https://images.pexels.com/photos/3992550/pexels-photo-3992550.jpeg?auto=compress&cs=tinysrgb&dpr=3&h=750&w=1260"
"img0050.jpg","https://images.pexels.com/photos/4168697/pexels-photo-4168697.jpeg?auto=compress&cs=tinysrgb&dpr=3&h=750&w=1260"
"img0051.jpg","https://images.pexels.com/photos/462024/pexels-photo-462024.jpeg?auto=compress&cs=tinysrgb&dpr=3&h=750&w=1260"
"img0052.jpg","https://images.pexels.com/photos/490466/pexels-photo-490466.jpeg?auto=compress&cs=tinysrgb&dpr=3&h=750&w=1260"
"img0053.jpg","https://images.pexels.com/photos/698275/pexels-photo-698275.jpeg?auto=compress&cs=tinysrgb&dpr=3&h=750&w=1260"
"img0054.jpg","https://images.unsplash.com/photo-1418489614040-ee0ac582072e?ixlib=rb-1.2.1&ixid=eyJhcHBfaWQiOjEyMDd9&auto=format&fit=crop&w=2550&q=80"
"img0055.jpg","https://images.unsplash.com/photo-1421218108559-eb1ff78357f5?ixlib=rb-1.2.1&ixid=eyJhcHBfaWQiOjEyMDd9&auto=format&fit=crop&w=2690&q=80"
"img0056.jpg","https://images.unsplash.com/photo-1421749810611-438cc492b581?ixlib=rb-1.2.1&ixid=eyJhcHBfaWQiOjEyMDd9&auto=format&fit=crop&w=2550&q=80"
"img0057.jpg","https://images.unsplash.com/photo-1429041966141-44d228a42775?ixlib=rb-1.2.1&ixid=eyJhcHBfaWQiOjEyMDd9&auto=format&fit=crop&w=2500&q=80"
"img0058.jpg","https://images.unsplash.com/photo-1430598825529-927d770c194f?ixlib=rb-1.2.1&ixid=eyJhcHBfaWQiOjEyMDd9&auto=format&fit=crop&w=2551&q=80"
"img0059.jpg","https://images.unsplash.com/photo-1436874555419-bb64221c5c1d?ixlib=rb-1.2.1&ixid=eyJhcHBfaWQiOjEyMDd9&auto=format&fit=crop&w=2534&q=80"
"img0060.jpg","https://images.unsplash.com/photo-1439737567250-e9ea931e97a4?ixlib=rb-1.2.1&ixid=eyJhcHBfaWQiOjEyMDd9&auto=format&fit=crop&w=2550&q=80"
"img0061.jpg","https://images.unsplash.com/photo-1442405740009-7b57cca9d316?ixlib=rb-1.2.1&auto=format&fit=crop&w=2550&q=80"
"img0062.jpg","https://images.unsplash.com/photo-1445368794737-0cf251429ca0?ixlib=rb-1.2.1&auto=format&fit=crop&w=2534&q=80"
"img0063.jpg","https://images.unsplash.com/photo-1451153378752-16ef2b36ad05?ixlib=rb-1.2.1&ixid=eyJhcHBfaWQiOjEyMDd9&auto=format&fit=crop&w=2547&q=80"
"img0064.jpg","https://images.unsplash.com/photo-1457585407930-4d18bbddbf9e?ixlib=rb-1.2.1&ixid=eyJhcHBfaWQiOjEyMDd9&auto=format&fit=crop&w=2520&q=80"
"img0065.jpg","https://images.unsplash.com/photo-1470679681217-524780fb0ffd?ixlib=rb-1.2.1&ixid=eyJhcHBfaWQiOjEyMDd9&auto=format&fit=crop&w=2600&q=80"
"img0066.jpg","https://images.unsplash.com/photo-1471958680802-1345a694ba6d?ixlib=rb-1.2.1&ixid=eyJhcHBfaWQiOjEyMDd9&auto=format&fit=crop&w=2632&q=80"
"img0067.jpg","https://images.unsplash.com/photo-1477951233099-d2c5fbd878ee?ixlib=rb-1.2.1&ixid=eyJhcHBfaWQiOjEyMDd9&auto=format&fit=crop&w=2550&q=80"
"img0068.jpg","https://images.unsplash.com/photo-1481542290883-70166d3f0b57?ixlib=rb-1.2.1&auto=format&fit=crop&w=2619&q=80"
"img0069.jpg","https://images.unsplash.com/photo-1486673748761-a8d18475c757?ixlib=rb-1.2.1&ixid=eyJhcHBfaWQiOjEyMDd9&auto=format&fit=crop&w=2550&q=80"
"img0070.jpg","https://images.unsplash.com/photo-1494947418628-9befff00f8e2?ixlib=rb-1.2.1&ixid=eyJhcHBfaWQiOjEyMDd9&auto=format&fit=crop&w=2600&q=80"
"img0071.jpg","https://images.unsplash.com/photo-1506622440409-0bd10df17960?ixlib=rb-1.2.1&ixid=eyJhcHBfaWQiOjEyMDd9&auto=format&fit=crop&w=2550&q=80"
"img0072.jpg","https://images.unsplash.com/photo-1507965372885-836c3142ea17?ixlib=rb-1.2.1&ixid=eyJhcHBfaWQiOjEyMDd9&auto=format&fit=crop&w=2601&q=80"
"img0073.jpg","https://images.unsplash.com/photo-1511181832407-791900ec318e?ixlib=rb-1.2.1&ixid=eyJhcHBfaWQiOjEyMDd9&auto=format&fit=crop&w=2600&q=80"
"img0074.jpg","https://images.unsplash.com/photo-1515604055767-38a185e5ad87?ixlib=rb-1.2.1&ixid=eyJhcHBfaWQiOjEyMDd9&auto=format&fit=crop&w=2027&q=80"
"img0075.jpg","https://images.unsplash.com/photo-1518889778-5111daad1bda?ixlib=rb-1.2.1&ixid=eyJhcHBfaWQiOjEyMDd9&auto=format&fit=crop&w=2000&q=80"
"img0076.jpg","https://images.unsplash.com/photo-1525121577197-56ddc8d76c87?ixlib=rb-1.2.1&ixid=eyJhcHBfaWQiOjEyMDd9&auto=format&fit=crop&w=2468&q=80"
"img0077.jpg","https://images.unsplash.com/photo-1532703108233-69111d554cb4?ixlib=rb-1.2.1&ixid=eyJhcHBfaWQiOjEyMDd9&auto=format&fit=crop&w=2468&q=80"
"img0078.jpg","https://images.unsplash.com/photo-1535388149375-350df5a4bab4?ixlib=rb-1.2.1&auto=format&fit=crop&w=2550&q=80"
"img0079.jpg","https://images.unsplash.com/photo-1542335834-96ffae4f762f?ixlib=rb-1.2.1&ixid=eyJhcHBfaWQiOjEyMDd9&auto=format&fit=crop&w=2621&q=80"
"img0080.jpg","https://images.unsplash.com/photo-1544599305-237e0ea1d17c?ixlib=rb-1.2.1&ixid=eyJhcHBfaWQiOjEyMDd9&auto=format&fit=crop&w=2622&q=80"
"img0081.jpg","https://images.unsplash.com/photo-1545472956-384086c45b4b?ixlib=rb-1.2.1&ixid=eyJhcHBfaWQiOjEyMDd9&auto=format&fit=crop&w=2600&q=80"
"img0082.jpg","https://images.unsplash.com/photo-1545472956-3ebf777846cc?ixlib=rb-1.2.1&ixid=eyJhcHBfaWQiOjEyMDd9&auto=format&fit=crop&w=2600&q=80"
"img0083.jpg","https://images.unsplash.com/photo-1548268803-2315afb0746d?ixlib=rb-1.2.1&auto=format&fit=crop&w=2468&q=80"
"img0084.jpg","https://images.unsplash.com/photo-1548625150-84c33677dfe5?ixlib=rb-1.2.1&ixid=eyJhcHBfaWQiOjEyMDd9&auto=format&fit=crop&w=2614&q=80"
"img0085.jpg","https://images.unsplash.com/photo-1551645724-3885f51f0ce6?ixlib=rb-1.2.1&ixid=eyJhcHBfaWQiOjEyMDd9&auto=format&fit=crop&w=2596&q=80"
"img0086.jpg","https://images.unsplash.com/photo-1552442483-75f98a4f72af?ixlib=rb-1.2.1&ixid=eyJhcHBfaWQiOjEyMDd9&auto=format&fit=crop&w=2600&q=80"
"img0087.jpg","https://images.unsplash.com/photo-1556899727-2849fd6a224c?ixlib=rb-1.2.1&ixid=eyJhcHBfaWQiOjEyMDd9&auto=format&fit=crop&w=2600&q=80"
"img0088.jpg","https://images.unsplash.com/photo-1559233622-f8b44dd360ab?ixlib=rb-1.2.1&ixid=eyJhcHBfaWQiOjEyMDd9&auto=format&fit=crop&w=2600&q=80"
"img0089.jpg","https://images.unsplash.com/photo-1559339984-06898223c516?ixlib=rb-1.2.1&ixid=eyJhcHBfaWQiOjEyMDd9&auto=format&fit=crop&w=2600&q=80"
"img0090.jpg","https://images.unsplash.com/photo-1559755287-e68e526ec5cc?ixlib=rb-1.2.1&ixid=eyJhcHBfaWQiOjEyMDd9&auto=format&fit=crop&w=2620&q=80"
"img0091.jpg","https://images.unsplash.com/photo-1562758708-abe08efe9a43?ixlib=rb-1.2.1&auto=format&fit=crop&w=2550&q=80"
"img0092.jpg","https://images.unsplash.com/photo-1562796472-065ac45f2e80?ixlib=rb-1.2.1&ixid=eyJhcHBfaWQiOjEyMDd9&auto=format&fit=crop&w=2600&q=80"
"img0093.jpg","https://images.unsplash.com/photo-1564869115811-96da66f0557f?ixlib=rb-1.2.1&ixid=eyJhcHBfaWQiOjEyMDd9&auto=format&fit=crop&w=2600&q=80"
"img0094.jpg","https://images.unsplash.com/photo-1568826467310-30cde7e2a99b?ixlib=rb-1.2.1&ixid=eyJhcHBfaWQiOjEyMDd9&auto=format&fit=crop&w=2448&q=80"
"img0095.jpg","https://images.unsplash.com/photo-1571391366920-587af26df0c0?ixlib=rb-1.2.1&ixid=eyJhcHBfaWQiOjEyMDd9&auto=format&fit=crop&w=2600&q=80"
"img0096.jpg","https://images.unsplash.com/photo-1572798816335-51468f463b0c?ixlib=rb-1.2.1&ixid=eyJhcHBfaWQiOjEyMDd9&auto=format&fit=crop&w=2652&q=80"
"img0097.jpg","https://images.unsplash.com/photo-1573758103978-2be47169190b?ixlib=rb-1.2.1&ixid=eyJhcHBfaWQiOjEyMDd9&auto=format&fit=crop&w=2600&q=80"
"img0098.jpg","https://images.unsplash.com/photo-1574069701500-a6e21890e392?ixlib=rb-1.2.1&ixid=eyJhcHBfaWQiOjEyMDd9&auto=format&fit=crop&w=2566&q=80"
"img0099.jpg","https://images.unsplash.com/photo-1574152892337-4906ea9f108a?ixlib=rb-1.2.1&ixid=eyJhcHBfaWQiOjEyMDd9&auto=format&fit=crop&w=2600&q=80"
"img0100.jpg","https://images.unsplash.com/photo-1578582383795-df650e0be1cf?ixlib=rb-1.2.1&ixid=eyJhcHBfaWQiOjEyMDd9&auto=format&fit=crop&w=2646&q=80"
"img0101.jpg","https://images.unsplash.com/photo-1579255971291-e90d2d727659?ixlib=rb-1.2.1&ixid=eyJhcHBfaWQiOjEyMDd9&auto=format&fit=crop&w=2515&q=80"
"img0102.jpg","https://images.unsplash.com/photo-1581359101274-1a6acbb32fda?ixlib=rb-1.2.1&ixid=eyJhcHBfaWQiOjEyMDd9&auto=format&fit=crop&w=2600&q=80"
"img0103.jpg","https://images.unsplash.com/photo-1583376575479-5e46c6ed872b?ixlib=rb-1.2.1&ixid=eyJhcHBfaWQiOjEyMDd9&auto=format&fit=crop&w=2463&q=80"
"img0104.jpg","https://images.unsplash.com/photo-1586983340982-e8b4e9be2c2f?ixlib=rb-1.2.1&ixid=eyJhcHBfaWQiOjEyMDd9&auto=format&fit=crop&w=2600&q=80"
"img0105.jpg","https://images.unsplash.com/photo-1587555103160-261f33ce2221?ixlib=rb-1.2.1&ixid=eyJhcHBfaWQiOjEyMDd9&auto=format&fit=crop&w=2554&q=80"
"img0106.jpg","https://images.unsplash.com/photo-1587912333287-bfc76289b7bb?ixlib=rb-1.2.1&ixid=eyJhcHBfaWQiOjEyMDd9&auto=format&fit=crop&w=2560&q=80"
"img0107.jpg","https://images.unsplash.com/reserve/3wBPUcDrR9KaduD3PvkY_DSC_0915.JPG?ixlib=rb-1.2.1&ixid=eyJhcHBfaWQiOjEyMDd9&auto=format&fit=crop&w=2553&q=80"
"img0108.jpg","https://images.unsplash.com/reserve/GtJALYqlRDiojsfBMQRa_373A1071.jpg?ixlib=rb-1.2.1&ixid=eyJhcHBfaWQiOjEyMDd9&auto=format&fit=crop&w=2048&q=80"
